1;Technical Support;We are providing you Hardware / Software Support at any type of Computer, Laptop, Server Station or other mobile devices.;We are providing you Hardware / Software Support at any type of Computer, Laptop, Server Station or other mobile devices. We also offer this service at yout place with an additional cost, depends to your location.;Price:150€/Month ;products1.png;Τεχνική Υποστήριξη; Σας παρέχουμε υποστήριξη Hardware / Software σε οποιοδήποτε τύπο υπολογιστή, φορητού υπολογιστή, διακομιστή ή άλλες κινητές συσκευές.;Σας παρέχουμε Υποστήριξη Hardware / Software σε οποιονδήποτε τύπο υπολογιστή, φορητό υπολογιστή, σταθμό διακομιστή ή άλλες κινητές συσκευές. Προσφέρουμε επίσης αυτήν την υπηρεσία στο χώρο σας με επιπλέον κόστος, ανάλογα με την τοποθεσία σας.;Τιμή:150€/Μήνα

2;Netflix Promo Code;We would like to thank you for your Support, so we are offering a promo code to get a discount in your next payment.;We would like to thank you for your support and we are offering a promotion code with a discount 70% at the checkout. The only thing that you have to do is to create an acoount in our website and automatically you will receive the discount code in your email.;IT'S FREE;products2.png;Κωδικός προσφοράς Netflix;Θα θέλαμε να σας ευχαριστήσουμε για την υποστήριξή σας, οπότε προσφέρουμε έναν κωδικό προσφοράς για να λάβετε έκπτωση στην επόμενη πληρωμή σας.;Θα θέλαμε να σας ευχαριστήσουμε για την υποστήριξή σας και προσφέρουμε έναν κωδικό προσφοράς με έκπτωση 70% στο ταμείο. Το μόνο που έχετε να κάνετε είναι να δημιουργήσετε έναν λογαριασμό στην ιστοσελίδα μας και αυτόματα θα λάβετε τον εκπτωτικό κωδικό στο email σας.;ΕΙΝΑΙ ΔΩΡΕΑΝ

3;Philips 499P9 49";The Philips Brilliance 499P9H offers a winning combination of a gigantic, ultra-wide curved screen—shining with a bright, vivid image—and extras like a Windows Hello-compatible webcam and a built-in KVM switch.;Big desc; Price:859.91€;products3.png;Philips 499P9 49";Η Philips Brilliance 499P9H προσφέρει έναν συνδυασμό μιας γιγαντιαίας, εξαιρετικά ευρείας καμπύλης οθόνης που λάμπει με μια φωτεινή, ζωντανή εικόνα και πρόσθετες λειτουργίες, όπως μια κάμερα Web συμβατή με Hello Windows και ενσωματωμένο διακόπτη KVM.;Η οθόνη υπολογιστή 499P9H της Philips έχει ανάλυση 5120x1440 και διαγώνιο 48.8 ίντσες. Εξοπλισμένη με VA panel, αποδίδει ζωντανά χρώματα και η εικόνα της έχει υψηλή αντίθεση. Αποτελεί, λοιπόν, κατάλληλη επιλογή για χρήση καθημερινών εφαρμογών, αλλά και για ταινίες και casual gaming. Είναι κυρτή (curved) και με μεγαλύτερο πλάτος σε σχέση με τις συνηθισμένες οθόνες (ultrawide).;Τιμή:859.91€

4;PC Master;We take over to make your Dream PC build true. We cooperate directly with big names in the PC industry such as ASUS, NVIDIA, Coolermaster, Corsair;Big desc;Price: Please contact us for more details.;products4.png;PC Master;Αναλαμβάνουμε να κάνουμε πραγματικότητα την κατασκευή του Dream PC σας. Συνεργαζόμαστε απευθείας με μεγάλα ονόματα του κλάδου των υπολογιστών όπως ASUS, NVIDIA, Coolermaster, Corsair;Οι υπηρεσίες τεχνικής υποστήριξης, προλαμβάνουν την εμφάνιση προβλημάτων λειτουργικότητας μηχανογραφικών υποδομών.;Τιμή: Επικοινωνήστε μαζί μας για περισσότερες λεπτομέρειες.







